Workbook

Sheet casesDDM
A1: scen | B1: origin | C1: rule | D1: condition | E1: question | F1: character count | H1: prob(yes) | I1: medianRT
A2: shoe | B2: A friend entered Mary's house wearing shoes and dirtied the carpets. | C2: To keep her house clean, Mary established the rule: "No one may wear shoes in the house". | D2: core | E2: A guest wears stilettos and the carpets get pretty dirty. | F2: =LEN(E2) -> 57 | H2: 0.92 | I2: 1498
A3: shoe | B3: A friend entered Mary's house wearing shoes and dirtied the carpets. | C3: To keep her house clean, Mary established the rule: "No one may wear shoes in the house". | D3: core | E3: A guest wears wet deck shoes and dirties the floors. | F3: =LEN(E3) -> 52 | H3: 1 | I3: 1095
A4: shoe | B4: A friend entered Mary's house wearing shoes and dirtied the carpets. | C4: To keep her house clean, Mary established the rule: "No one may wear shoes in the house". | D4: core | E4: A guest wears muddy sneakers and dirties the carpets. | F4: =LEN(E4) -> 53 | H4: 1 | I4: 829
A5: shoe | B5: A friend entered Mary's house wearing shoes and dirtied the carpets. | C5: To keep her house clean, Mary established the rule: "No one may wear shoes in the house". | D5: over | E5: A guest wears brand new shoes and keeps the floor clean. | F5: =LEN(E5) -> 56 | H5: 0.82 | I5: 1183
A6: shoe | B6: A friend entered Mary's house wearing shoes and dirtied the carpets. | C6: To keep her house clean, Mary established the rule: "No one may wear shoes in the house". | D6: over | E6: A guest wears clean stilettos and keeps the carpet clean. | F6: =LEN(E6) -> 57 | H6: 0.73 | I6: 1436
A7: shoe | B7: A friend entered Mary's house wearing shoes and dirtied the carpets. | C7: To keep her house clean, Mary established the rule: "No one may wear shoes in the house". | D7: over | E7: A guest wears his new sneakers and the floor stays clean. | F7: =LEN(E7) -> 57 | H7: 0.88 | I7: 1201
A8: shoe | B8: A friend entered Mary's house wearing shoes and dirtied the carpets. | C8: To keep her house clean, Mary established the rule: "No one may wear shoes in the house". | D8: under | E8: A guest walks around barefoot and dirties the carpets. | F8: =LEN(E8) -> 54 | H8: 0.11 | I8: 1220
A9: shoe | B9: A friend entered Mary's house wearing shoes and dirtied the carpets. | C9: To keep her house clean, Mary established the rule: "No one may wear shoes in the house". | D9: under | E9: A guest walks in with muddy socks and dirties the floor. | F9: =LEN(E9) -> 56 | H9: 0.31 | I9: 1566
A10: shoe | B10: A friend entered Mary's house wearing shoes and dirtied the carpets. | C10: To keep her house clean, Mary established the rule: "No one may wear shoes in the house". | D10: under | E10: A barefoot guest has a bleeding toe and stains the carpets. | F10: =LEN(E10) -> 59 | H10: 0.12 | I10: 1482
A11: shoe | B11: A friend entered Mary's house wearing shoes and dirtied the carpets. | C11: To keep her house clean, Mary established the rule: "No one may wear shoes in the house". | D11: off | E11: A guest walks around barefoot and keeps the carpet clean. | F11: =LEN(E11) -> 57 | H11: 0 | I11: 1817
A12: shoe | B12: A friend entered Mary's house wearing shoes and dirtied the carpets. | C12: To keep her house clean, Mary established the rule: "No one may wear shoes in the house". | D12: off | E12: A guest walks around in socks and keeps the floor clean. | F12: =LEN(E12) -> 56 | H12: 0.08 | I12: 1674
A13: shoe | B13: A friend entered Mary's house wearing shoes and dirtied the carpets. | C13: To keep her house clean, Mary established the rule: "No one may wear shoes in the house". | D13: off | E13: A guest walks around barefoot and the floor stays clean. | F13: =LEN(E13) -> 56 | H13: 0.08 | I13: 1391
... A85: auth | B85: A careless member of the public caused an accident in a scientific laboratory. | C85: To avoid accidents, the director of a scientific laboratory issued a rule: "Access for Laboratory Personnel Only". | D85: under | E85: A lab member spends the night sleeping on fragile lab equipment. | F85: =LEN(E85) -> 64 | H85: 0.4 | I85: 1663
A86: drin | B86: Drunk drivers pose a serious risk to other road users. | C86: To reduce traffic accidents, a zero tolerance law is passed: "Driving with any trace of alcohol is strictly forbidden". | D86: off | E86: A sober man rides his motorcycle home after playing board games. | F86: =LEN(E86) -> 64
A87: drin | B87: Drunk drivers pose a serious risk to other road users. | C87: To reduce traffic accidents, a zero tolerance law is passed: "Driving with any trace of alcohol is strictly forbidden". | D87: off | E87: A woman drives home after drinking soda at the movie theater. | F87: =LEN(E87) -> 61
A88: drin | B88: Drunk drivers pose a serious risk to other road users. | C88: To reduce traffic accidents, a zero tolerance law is passed: "Driving with any trace of alcohol is strictly forbidden". | D88: off | E88: A sober man re-parks his car in the cul-de-sac to let a guest out. | F88: =LEN(E88) -> 66
A89: drin | B89: Drunk drivers pose a serious risk to other road users. | C89: To reduce traffic accidents, a zero tolerance law is passed: "Driving with any trace of alcohol is strictly forbidden". | D89: core | E89: A young man drives home after drinking heavily at a music festival. | F89: =LEN(E89) -> 68
A90: drin | B90: Drunk drivers pose a serious risk to other road users. | C90: To reduce traffic accidents, a zero tolerance law is passed: "Driving with any trace of alcohol is strictly forbidden". | D90: core | E90: One night two drunk motorbikers race each other on a dark backroad. | F90: =LEN(E90) -> 67
A91: drin | B91: Drunk drivers pose a serious risk to other road users. | C91: To reduce traffic accidents, a zero tolerance law is passed: "Driving with any trace of alcohol is strictly forbidden". | D91: core | E91: A woman drives home after drinking whiskey at the movie theater. | F91: =LEN(E91) -> 64
A92: drin | B92: Drunk drivers pose a serious risk to other road users. | C92: To reduce traffic accidents, a zero tolerance law is passed: "Driving with any trace of alcohol is strictly forbidden". | D92: over | E92: A neighbor sips on wine and re-parks his car in the cul-de-sac. | F92: =LEN(E92) -> 63
A93: drin | B93: Drunk drivers pose a serious risk to other road users. | C93: To reduce traffic accidents, a zero tolerance law is passed: "Driving with any trace of alcohol is strictly forbidden". | D93: over | E93: A person drives to work after using alcohol-based mouthwash. | F93: =LEN(E93) -> 60
A94: drin | B94: Drunk drivers pose a serious risk to other road users. | C94: To reduce traffic accidents, a zero tolerance law is passed: "Driving with any trace of alcohol is strictly forbidden". | D94: over | E94: A drunk man drives his wife to the hospital as she goes into labor. | F94: =LEN(E94) -> 67
A95: drin | B95: Drunk drivers pose a serious risk to other road users. | C95: To reduce traffic accidents, a zero tolerance law is passed: "Driving with any trace of alcohol is strictly forbidden". | D95: under | E95: A young man rides his motorcycle home after smoking marihuana. | F95: =LEN(E95) -> 62
A96: drin | B96: Drunk drivers pose a serious risk to other road users. | C96: To reduce traffic accidents, a zero tolerance law is passed: "Driving with any trace of alcohol is strictly forbidden". | D96: under | E96: One stormy night two sober motorbikers race each other on a dark backroad. | F96: =LEN(E96) -> 74
A97: drin | B97: Drunk drivers pose a serious risk to other road users. | C97: To reduce traffic accidents, a zero tolerance law is passed: "Driving with any trace of alcohol is strictly forbidden". | D97: under | E97: A woman drives home after taking ecstasy at a music festival. | F97: =LEN(E97) -> 62
F100: mean | G100: sd
E101: overall | F101: =AVERAGE(F2:F97) -> 61.78125 | G101: =_xlfn.STDEV.S(F2:F85) -> 3.5887846 | H101: =AVERAGE(H2:H85) -> 0.47214286 | I101: =MEDIAN(I2:I85) -> 1526.5
E102: core | F102: =AVERAGE(F2:F4,F23:F25,F32:F34,F42:F44,F50:F52,F68:F70,F77:F79,F89:F91) -> 61.666667 | G102: =_xlfn.STDEV.S(F2:F4,F23:F25,F32:F34,F42:F44,F50:F52,F68:F70,F77:F79) -> 3.9623226 | H102: =AVERAGE(H2:H4,H23:H25,H32:H34,H42:H44,H50:H52,H68:H70,H77:H79) -> 0.92714286 | I102: =AVERAGE(I2:I4,I23:I25,I32:I34,I42:I44,I50:I52,I68:I70,I77:I79) -> 1307.1429
E103: off | F103: =AVERAGE(F11:F13,F20:F22,F29:F31,F38:F40,F59:F61,F65:F67,F75:F76,F86:F88) -> 61.304348 | G103: =_xlfn.STDEV.S(F11:F13,F20:F22,F29:F31,F38:F40,F59:F61,F65:F67) -> 2.812205 | H103: =AVERAGE(H11:H13,H20:H22,H29:H31,H38:H40,H59:H61,H65:H67,H74:H76) -> 0.073809524 | I103: =AVERAGE(I11:I13,I20:I22,I29:I31,I38:I40,I59:I61,I65:I67,I75:I76) -> 1694.1
E104: over | F104: =AVERAGE(F5:F7,F14:F16,F35:F37,F44:F46,F53:F55,F71:F73,F80:F82,F92:F94) -> 62.541667 | G104: =_xlfn.STDEV.S(F5:F7,F14:F16,F35:F37,F44:F46,F53:F55,F71:F73,F80:F82) -> 3.4579102 | H104: =AVERAGE(H5:H7,H14:H16,H35:H37,H44:H46,H53:H55,H71:H73,H80:H82) -> 0.51904762 | I104: =AVERAGE(I5:I7,I14:I16,I35:I37,I44:I46,I53:I55,I71:I73,I80:I82) -> 1618.619
E105: under | F105: =AVERAGE(F8:F10,F17:F19,F26:F28,F47:F49,F56:F58,F62:F64,F83:F85,F95:F97) -> 61.875 | G105: =_xlfn.STDEV.S(F8:F10,F17:F19,F26:F28,F47:F49,F56:F58,F62:F64,F83:F85) -> 4.0017853 | H105: =AVERAGE(H8:H10,H17:H19,H26:H28,H47:H49,H56:H58,H62:H64,H83:H85) -> 0.35809524 | I105: =AVERAGE(I8:I10,I17:I19,I26:I28,I47:I49,I56:I58,I62:I64,I83:I85) -> 1668.4286

Sheet Tabellenblatt2
A1: scen | B1: origin | C1: rule | D1: condition | E1: question | F1: character count
A2: shoe | B2: A friend entered Mary's house wearing shoes and dirtied the carpets. | C2: To keep her house clean, Mary established the rule: "No one may wear shoes in the house". | D2: core | E2: A guest wears stilettos and the carpets get pretty dirty. | F2: =LEN(E2) -> 57 | G2: L1
A3: shoe | B3: A friend entered Mary's house wearing shoes and dirtied the carpets. | C3: To keep her house clean, Mary established the rule: "No one may wear shoes in the house". | D3: core | E3: A guest wears wet deck shoes and dirties the floors. | F3: =LEN(E3) -> 52 | G3: L1
A4: shoe | B4: A friend entered Mary's house wearing shoes and dirtied the carpets. | C4: To keep her house clean, Mary established the rule: "No one may wear shoes in the house". | D4: core | E4: A guest wears muddy sneakers and dirties the carpets. | F4: =LEN(E4) -> 53 | G4: L1
A5: shoe | B5: A friend entered Mary's house wearing shoes and dirtied the carpets. | C5: To keep her house clean, Mary established the rule: "No one may wear shoes in the house". | D5: over | E5: A guest wears brand new shoes and keeps the floor clean. | F5: =LEN(E5) -> 56 | G5: L1c | H5: H1
A6: shoe | B6: A friend entered Mary's house wearing shoes and dirtied the carpets. | C6: To keep her house clean, Mary established the rule: "No one may wear shoes in the house". | D6: over | E6: A guest wears clean stilettos and keeps the carpet clean. | F6: =LEN(E6) -> 57 | H6: H1
A7: shoe | B7: A friend entered Mary's house wearing shoes and dirtied the carpets. | C7: To keep her house clean, Mary established the rule: "No one may wear shoes in the house". | D7: over | E7: A guest wears his new sneakers and the floor stays clean. | F7: =LEN(E7) -> 57 | H7: H1
A8: shoe | B8: A friend entered Mary's house wearing shoes and dirtied the carpets. | C8: To keep her house clean, Mary established the rule: "No one may wear shoes in the house". | D8: under | E8: A guest walks around barefoot and dirties the carpets. | F8: =LEN(E8) -> 54 | G8: L1c | H8: H1
A9: shoe | B9: A friend entered Mary's house wearing shoes and dirtied the carpets. | C9: To keep her house clean, Mary established the rule: "No one may wear shoes in the house". | D9: under | E9: A guest walks in with muddy socks and dirties the floor. | F9: =LEN(E9) -> 56 | H9: H1
A10: shoe | B10: A friend entered Mary's house wearing shoes and dirtied the carpets. | C10: To keep her house clean, Mary established the rule: "No one may wear shoes in the house". | D10: under | E10: A barefoot guest has a bleeding toe and stains the carpets. | F10: =LEN(E10) -> 59 | H10: H1
A11: shoe | B11: A friend entered Mary's house wearing shoes and dirtied the carpets. | C11: To keep her house clean, Mary established the rule: "No one may wear shoes in the house". | D11: off | E11: A guest walks around barefoot and keeps the carpet clean. | F11: =LEN(E11) -> 57 | G11: L1
A12: shoe | B12: A friend entered Mary's house wearing shoes and dirtied the carpets. | C12: To keep her house clean, Mary established the rule: "No one may wear shoes in the house". | D12: off | E12: A guest walks around in socks and keeps the floor clean. | F12: =LEN(E12) -> 56 | G12: L1
A13: shoe | B13: A friend entered Mary's house wearing shoes and dirtied the carpets. | C13: To keep her house clean, Mary established the rule: "No one may wear shoes in the house". | D13: off | E13: A guest walks around barefoot and the floor stays clean. | F13: =LEN(E13) -> 56 | G13: L1
A14: cars | B14: At the local park, a tragic accident took place involving a pedestrian and a car. | C14: To avoid accidents, the local authority issued a rule: "No cars are allowed inside the park". | D14: over | E14: An artist installs a race car in the park to honor local heroes. | F14: =LEN(E14) -> 64 | G14: L1
A15: cars | B15: At the local park, a tragic accident took place involving a pedestrian and a car. | C15: To avoid accidents, the local authority issued a rule: "No cars are allowed inside the park". | D15: over | E15: A landscaper parks a truck in the park to remove a tree. | F15: =LEN(E15) -> 56 | G15: L1
A16: cars | B16: At the local park, a tragic accident took place involving a pedestrian and a car. | C16: To avoid accidents, the local authority issued a rule: "No cars are allowed inside the park". | D16: over | E16: A man drives a tow-truck slowly into the park to remove a car. | F16: =LEN(E16) -> 62 | G16: L1
A17: cars | B17: At the local park, a tragic accident took place involving a pedestrian and a car. | C17: To avoid accidents, the local authority issued a rule: "No cars are allowed inside the park". | D17: under | E17: A person speeds through the park in their electric scooter. | F17: =LEN(E17) -> 59 | G17: L1c
A18: cars | B18: At the local park, a tragic accident took place involving a pedestrian and a car. | C18: To avoid accidents, the local authority issued a rule: "No cars are allowed inside the park". | D18: under | E18: A motorcycle courier takes a shortcut through the park. | F18: =LEN(E18) -> 55
A19: cars | B19: At the local park, a tragic accident took place involving a pedestrian and a car. | C19: To avoid accidents, the local authority issued a rule: "No cars are allowed inside the park". | D19: under | E19: A group of friends cycle through the park on a beer bike. | F19: =LEN(E19) -> 57
A20: cars | B20: At the local park, a tragic accident took place involving a pedestrian and a car. | C20: To avoid accidents, the local authority issued a rule: "No cars are allowed inside the park". | D20: off | E20: A person jogs through the park to get some daily exercise. | F20: =LEN(E20) -> 58 | G20: L1c
A21: cars | B21: At the local park, a tragic accident took place involving a pedestrian and a car. | C21: To avoid accidents, the local authority issued a rule: "No cars are allowed inside the park". | D21: off | E21: A couple walk their new baby through the park in a stroller. | F21: =LEN(E21) -> 60
A22: cars | B22: At the local park, a tragic accident took place involving a pedestrian and a car. | C22: To avoid accidents, the local authority issued a rule: "No cars are allowed inside the park". | D22: off | E22: A landscaper pushes a grey wheelbarrow through the park. | F22: =LEN(E22) -> 56
A23: cars | B23: At the local park, a tragic accident took place involving a pedestrian and a car. | C23: To avoid accidents, the local authority issued a rule: "No cars are allowed inside the park". | D23: core | E23: A person test-drives their new car through the park at noon. | F23: =LEN(E23) -> 60 | G23: L1
A24: cars | B24: At the local park, a tragic accident took place involving a pedestrian and a car. | C24: To avoid accidents, the local authority issued a rule: "No cars are allowed inside the park". | D24: core | E24: A taxi driver takes a shortcut through the park to save time. | F24: =LEN(E24) -> 61 | G24: L1
A25: cars | B25: At the local park, a tragic accident took place involving a pedestrian and a car. | C25: To avoid accidents, the local authority issued a rule: "No cars are allowed inside the park". | D25: core | E25: A red party limo drives through the park at the DJ's request. | F25: =LEN(E25) -> 61 | G25: L1
A26: slee | B26: A group of vagrants often slept on the benches of the local train station. | C26: To avoid people spending the night at the train station, the manager posted a rule: "No sleeping allowed on the benches". | D26: under | E26: A vagrant spends the whole night on a bench but does not sleep. | F26: =LEN(E26) -> 63 | G26: L1
A27: slee | B27: A group of vagrants often slept on the benches of the local train station. | C27: To avoid people spending the night at the train station, the manager posted a rule: "No sleeping allowed on the benches". | D27: under | E27: A vagrant spends the night sleeping on the station floor. | F27: =LEN(E27) -> 57 | G27: L1
A28: slee | B28: A group of vagrants often slept on the benches of the local train station. | C28: To avoid people spending the night at the train station, the manager posted a rule: "No sleeping allowed on the benches". | D28: under | E28: A backpacker spends the night sleeping behind a station bench. | F28: =LEN(E28) -> 62 | G28: L1
A29: slee | B29: A group of vagrants often slept on the benches of the local train station. | C29: To avoid people spending the night at the train station, the manager posted a rule: "No sleeping allowed on the benches". | D29: off | E29: A businesswoman enters the station and buys her train ticket. | F29: =LEN(E29) -> 61 | G29: L1c
A30: slee | B30: A group of vagrants often slept on the benches of the local train station. | C30: To avoid people spending the night at the train station, the manager posted a rule: "No sleeping allowed on the benches". | D30: off | E30: A commuter sits on a station bench while waiting for her train. | F30: =LEN(E30) -> 63
A31: slee | B31: A group of vagrants often slept on the benches of the local train station. | C31: To avoid people spending the night at the train station, the manager posted a rule: "No sleeping allowed on the benches". | D31: off | E31: A backpacker looks for her lost phone on the station platform. | F31: =LEN(E31) -> 62
A32: slee | B32: A group of vagrants often slept on the benches of the local train station. | C32: To avoid people spending the night at the train station, the manager posted a rule: "No sleeping allowed on the benches". | D32: core | E32: A vagrant spends the night sleeping on a bench at the station. | F32: =LEN(E32) -> 62 | G32: L1c
A33: slee | B33: A group of vagrants often slept on the benches of the local train station. | C33: To avoid people spending the night at the train station, the manager posted a rule: "No sleeping allowed on the benches". | D33: core | E33: A backpacker spends the night sleeping on a station bench. | F33: =LEN(E33) -> 58
A34: slee | B34: A group of vagrants often slept on the benches of the local train station. | C34: To avoid people spending the night at the train station, the manager posted a rule: "No sleeping allowed on the benches". | D34: core | E34: A nightclub dancer falls asleep on a station bench after work. | F34: =LEN(E34) -> 62
A35: slee | B35: A group of vagrants often slept on the benches of the local train station. | C35: To avoid people spending the night at the train station, the manager posted a rule: "No sleeping allowed on the benches". | D35: over | E35: A commuter briefly falls asleep on a bench waiting for his train. | F35: =LEN(E35) -> 65 | G35: L1
A36: slee | B36: A group of vagrants often slept on the benches of the local train station. | C36: To avoid people spending the night at the train station, the manager posted a rule: "No sleeping allowed on the benches". | D36: over | E36: A backpacker sits on a station bench and takes a five-minute nap. | F36: =LEN(E36) -> 65 | G36: L1
A37: slee | B37: A group of vagrants often slept on the benches of the local train station. | C37: To avoid people spending the night at the train station, the manager posted a rule: "No sleeping allowed on the benches". | D37: over | E37: A shift worker briefly dozes on a bench waiting for her manager. | F37: =LEN(E37) -> 64 | G37: L1
A38: phon | B38: Classes at a local school were frequently disrupted by students using their phones. | C38: To get students to pay attention in class, the headmaster announced: "Phones may not be used in the classroom". | D38: off | E38: A student consults the textbook to answer a question in class. | F38: =LEN(E38) -> 62 | G38: L1
A39: phon | B39: Classes at a local school were frequently disrupted by students using their phones. | C39: To get students to pay attention in class, the headmaster announced: "Phones may not be used in the classroom". | D39: off | E39: A student takes notes by hand to help her understand a lesson. | F39: =LEN(E39) -> 62 | G39: L1
A40: phon | B40: Classes at a local school were frequently disrupted by students using their phones. | C40: To get students to pay attention in class, the headmaster announced: "Phones may not be used in the classroom". | D40: off | E40: A student arrives early to class and takes out her pencil case. | F40: =LEN(E40) -> 63 | G40: L1
A41: phon | B41: Classes at a local school were frequently disrupted by students using their phones. | C41: To get students to pay attention in class, the headmaster announced: "Phones may not be used in the classroom". | D41: core | E41: A student texts friends on her phone and pays no attention. | F41: =LEN(E41) -> 59 | G41: L1c
A42: phon | B42: Classes at a local school were frequently disrupted by students using their phones. | C42: To get students to pay attention in class, the headmaster announced: "Phones may not be used in the classroom". | D42: core | E42: A student plays a game on his phone instead of paying attention. | F42: =LEN(E42) -> 64
A43: phon | B43: Classes at a local school were frequently disrupted by students using their phones. | C43: To get students to pay attention in class, the headmaster announced: "Phones may not be used in the classroom". | D43: core | E43: A student browses her phone instead of following her lesson. | F43: =LEN(E43) -> 60
A44: phon | B44: Classes at a local school were frequently disrupted by students using their phones. | C44: To get students to pay attention in class, the headmaster announced: "Phones may not be used in the classroom". | D44: over | E44: A student uses his phone's calculator for the in-class assignment. | F44: =LEN(E44) -> 66 | G44: L1c
A45: phon | B45: Classes at a local school were frequently disrupted by students using their phones. | C45: To get students to pay attention in class, the headmaster announced: "Phones may not be used in the classroom". | D45: over | E45: A diabetic student gets an alert on her phone to take her insulin. | F45: =LEN(E45) -> 66
A46: phon | B46: Classes at a local school were frequently disrupted by students using their phones. | C46: To get students to pay attention in class, the headmaster announced: "Phones may not be used in the classroom". | D46: over | E46: A student uses her phone as a paperweight to keep papers together. | F46: =LEN(E46) -> 66
A47: phon | B47: Classes at a local school were frequently disrupted by students using their phones. | C47: To get students to pay attention in class, the headmaster announced: "Phones may not be used in the classroom". | D47: under | E47: A student plays on his tablet instead of paying attention in class. | F47: =LEN(E47) -> 67 | G47: L1
A48: phon | B48: Classes at a local school were frequently disrupted by students using their phones. | C48: To get students to pay attention in class, the headmaster announced: "Phones may not be used in the classroom". | D48: under | E48: A student messages friends on his laptop and pays no attention. | F48: =LEN(E48) -> 63 | G48: L1
A49: phon | B49: Classes at a local school were frequently disrupted by students using their phones. | C49: To get students to pay attention in class, the headmaster announced: "Phones may not be used in the classroom". | D49: under | E49: A student reads news on her tablet and doesn't follow the lesson. | F49: =LEN(E49) -> 65 | G49: L1
A50: dogs | B50: A restaurant's customers had their meals interrupted by a poorly behaved pet dog. | C50: To address this problem, the owner posted a rule: "No dogs allowed in the restaurant". | D50: core | E50: A customer brings her pet bulldog into the restaurant for lunch. | F50: =LEN(E50) -> 64 | G50: L1
A51: dogs | B51: A restaurant's customers had their meals interrupted by a poorly behaved pet dog. | C51: To address this problem, the owner posted a rule: "No dogs allowed in the restaurant". | D51: core | E51: A couple bring their pet foxhound into the restaurant for dinner. | F51: =LEN(E51) -> 65 | G51: L1
A52: dogs | B52: A restaurant's customers had their meals interrupted by a poorly behaved pet dog. | C52: To address this problem, the owner posted a rule: "No dogs allowed in the restaurant". | D52: core | E52: A customer has lunch at the restaurant with his pet greyhound. | F52: =LEN(E52) -> 62 | G52: L1
A53: dogs | B53: A restaurant's customers had their meals interrupted by a poorly behaved pet dog. | C53: To address this problem, the owner posted a rule: "No dogs allowed in the restaurant". | D53: over | E53: A blind man brings his trained guide dog into the restaurant. | F53: =LEN(E53) -> 61 | G53: L1c
A54: dogs | B54: A restaurant's customers had their meals interrupted by a poorly behaved pet dog. | C54: To address this problem, the owner posted a rule: "No dogs allowed in the restaurant". | D54: over | E54: A veteran brings her trained therapy dog into the restaurant. | F54: =LEN(E54) -> 61
A55: dogs | B55: A restaurant's customers had their meals interrupted by a poorly behaved pet dog. | C55: To address this problem, the owner posted a rule: "No dogs allowed in the restaurant". | D55: over | E55: A man carries an injured dog into the restaurant to ask for help. | F55: =LEN(E55) -> 65
A56: dogs | B56: A restaurant's customers had their meals interrupted by a poorly behaved pet dog. | C56: To address this problem, the owner posted a rule: "No dogs allowed in the restaurant". | D56: under | E56: An artist brings his rowdy pet monkey into the restaurant. | F56: =LEN(E56) -> 58 | G56: L1c
A57: dogs | B57: A restaurant's customers had their meals interrupted by a poorly behaved pet dog. | C57: To address this problem, the owner posted a rule: "No dogs allowed in the restaurant". | D57: under | E57: An animal scientist brings a misbehaved fox into the restaurant. | F57: =LEN(E57) -> 64
A58: dogs | B58: A restaurant's customers had their meals interrupted by a poorly behaved pet dog. | C58: To address this problem, the owner posted a rule: "No dogs allowed in the restaurant". | D58: under | E58: A customer walks into the restaurant with his talkative parrot. | F58: =LEN(E58) -> 63
A59: dogs | B59: A restaurant's customers had their meals interrupted by a poorly behaved pet dog. | C59: To address this problem, the owner posted a rule: "No dogs allowed in the restaurant". | D59: off | E59: A customer brings a stack of used books into the restaurant. | F59: =LEN(E59) -> 60 | G59: L1
A60: dogs | B60: A restaurant's customers had their meals interrupted by a poorly behaved pet dog. | C60: To address this problem, the owner posted a rule: "No dogs allowed in the restaurant". | D60: off | E60: A customer walks into the restaurant with her foldable bike. | F60: =LEN(E60) -> 60 | G60: L1
A61: dogs | B61: A restaurant's customers had their meals interrupted by a poorly behaved pet dog. | C61: To address this problem, the owner posted a rule: "No dogs allowed in the restaurant". | D61: off | E61: A carpenter brings his toolbox along to the restaurant at lunch. | F61: =LEN(E61) -> 64 | G61: L1
A62: shoo | B62: Deer have become an endangered species. | C62: To protect the deer population, parliament enacts a law: "It is an offense to shoot deer". | D62: under | E62: A farmer sprays poison in his woodland to kill the local deer. | F62: =LEN(E62) -> 62 | G62: L1
A63: shoo | B63: Deer have become an endangered species. | C63: To protect the deer population, parliament enacts a law: "It is an offense to shoot deer". | D63: under | E63: A man catches and kills a lone baby deer with a hunting knife. | F63: =LEN(E63) -> 62 | G63: L1
A64: shoo | B64: Deer have become an endangered species. | C64: To protect the deer population, parliament enacts a law: "It is an offense to shoot deer". | D64: under | E64: A man catches a deer using a trap and gives it a lethal injection. | F64: =LEN(E64) -> 66 | G64: L1
A65: shoo | B65: Deer have become an endangered species. | C65: To protect the deer population, parliament enacts a law: "It is an offense to shoot deer". | D65: off | E65: A man heads deep into the local forest and sees several deer. | F65: =LEN(E65) -> 61 | G65: L1c
A66: shoo | B66: Deer have become an endangered species. | C66: To protect the deer population, parliament enacts a law: "It is an offense to shoot deer". | D66: off | E66: A woman hikes in the woods carrying a flashlight and a lunch box. | F66: =LEN(E66) -> 65
A67: shoo | B67: Deer have become an endangered species. | C67: To protect the deer population, parliament enacts a law: "It is an offense to shoot deer". | D67: off | E67: A man takes a walk in the park and photographs the deer there. | F67: =LEN(E67) -> 62
A68: shoo | B68: Deer have become an endangered species. | C68: To protect the deer population, parliament enacts a law: "It is an offense to shoot deer". | D68: core | E68: A man heads deep into the local forest and shoots a deer. | F68: =LEN(E68) -> 57 | G68: L1c
A69: shoo | B69: Deer have become an endangered species. | C69: To protect the deer population, parliament enacts a law: "It is an offense to shoot deer". | D69: core | E69: A woman enters a wildlife reserve where she shoots two deer. | F69: =LEN(E69) -> 60
A70: shoo | B70: Deer have become an endangered species. | C70: To protect the deer population, parliament enacts a law: "It is an offense to shoot deer". | D70: core | E70: A hunter, armed with a rifle, fires on the first deer he sees. | F70: =LEN(E70) -> 62
A71: shoo | B71: Deer have become an endangered species. | C71: To protect the deer population, parliament enacts a law: "It is an offense to shoot deer". | D71: over | E71: A farmer shoots a deer to end its suffering after it was run over. | F71: =LEN(E71) -> 66 | G71: L1
A72: shoo | B72: Deer have become an endangered species. | C72: To protect the deer population, parliament enacts a law: "It is an offense to shoot deer". | D72: over | E72: A hiker finds a dying deer and shoots it to relieve its pain. | F72: =LEN(E72) -> 61 | G72: L1
A73: shoo | B73: Deer have become an endangered species. | C73: To protect the deer population, parliament enacts a law: "It is an offense to shoot deer". | D73: over | E73: A vet shoots a deer with a disease that threatens the whole herd. | F73: =LEN(E73) -> 65 | G73: L1
A74: auth | B74: A careless member of the public caused an accident in a scientific laboratory. | C74: To avoid accidents, the director of a scientific laboratory issued a rule: "Access for Laboratory Personnel Only". | D74: off | E74: A scientist working at the laboratory starts a new experiment. | F74: =LEN(E74) -> 62 | G74: L1
A75: auth | B75: A careless member of the public caused an accident in a scientific laboratory. | C75: To avoid accidents, the director of a scientific laboratory issued a rule: "Access for Laboratory Personnel Only". | D75: off | E75: A member of the public walks past the laboratory while going home. | F75: =LEN(E75) -> 66 | G75: L1
A76: auth | B76: A careless member of the public caused an accident in a scientific laboratory. | C76: To avoid accidents, the director of a scientific laboratory issued a rule: "Access for Laboratory Personnel Only". | D76: off | E76: A tourist walks past the laboratory on his way to the wax museum. | F76: =LEN(E76) -> 65 | G76: L1
A77: auth | B77: A careless member of the public caused an accident in a scientific laboratory. | C77: To avoid accidents, the director of a scientific laboratory issued a rule: "Access for Laboratory Personnel Only". | D77: core | E77: An amateur scientist enters the laboratory to take photographs. | F77: =LEN(E77) -> 63 | G77: L1c
A78: auth | B78: A careless member of the public caused an accident in a scientific laboratory. | C78: To avoid accidents, the director of a scientific laboratory issued a rule: "Access for Laboratory Personnel Only". | D78: core | E78: A thief enters the laboratory overnight to find and steal equipment. | F78: =LEN(E78) -> 68
A79: auth | B79: A careless member of the public caused an accident in a scientific laboratory. | C79: To avoid accidents, the director of a scientific laboratory issued a rule: "Access for Laboratory Personnel Only". | D79: core | E79: A student enters the laboratory to observe the scientists' work. | F79: =LEN(E79) -> 64
A80: auth | B80: A careless member of the public caused an accident in a scientific laboratory. | C80: To avoid accidents, the director of a scientific laboratory issued a rule: "Access for Laboratory Personnel Only". | D80: over | E80: A skilled technician enters the lab to discuss a job opening. | F80: =LEN(E80) -> 61 | G80: L1c
A81: auth | B81: A careless member of the public caused an accident in a scientific laboratory. | C81: To avoid accidents, the director of a scientific laboratory issued a rule: "Access for Laboratory Personnel Only". | D81: over | E81: A recently retired scientist returns to collect his briefcase. | F81: =LEN(E81) -> 62
A82: auth | B82: A careless member of the public caused an accident in a scientific laboratory. | C82: To avoid accidents, the director of a scientific laboratory issued a rule: "Access for Laboratory Personnel Only". | D82: over | E82: A retired scientist visits the lab to offer advice to new hirees. | F82: =LEN(E82) -> 65
A83: auth | B83: A careless member of the public caused an accident in a scientific laboratory. | C83: To avoid accidents, the director of a scientific laboratory issued a rule: "Access for Laboratory Personnel Only". | D83: under | E83: A lab member stays after work and gets drunk in the laboratory. | F83: =LEN(E83) -> 63 | G83: L1
A84: auth | B84: A careless member of the public caused an accident in a scientific laboratory. | C84: To avoid accidents, the director of a scientific laboratory issued a rule: "Access for Laboratory Personnel Only". | D84: under | E84: A lab scientist performs a risky task while feeling dizzy and tired. | F84: =LEN(E84) -> 68 | G84: L1
A85: auth | B85: A careless member of the public caused an accident in a scientific laboratory. | C85: To avoid accidents, the director of a scientific laboratory issued a rule: "Access for Laboratory Personnel Only". | D85: under | E85: A lab member spends the night sleeping on fragile lab equipment. | F85: =LEN(E85) -> 64 | G85: L1
A86: drin | B86: Drunk drivers pose a serious risk to other road users. | C86: To reduce traffic accidents, a zero tolerance law is passed: "Driving with any trace of alcohol is strictly forbidden". | D86: off | E86: A sober man rides his motorcycle home after playing board games. | F86: =LEN(E86) -> 64 | G86: L1
A87: drin | B87: Drunk drivers pose a serious risk to other road users. | C87: To reduce traffic accidents, a zero tolerance law is passed: "Driving with any trace of alcohol is strictly forbidden". | D87: off | E87: A woman drives home after drinking soda at the movie theater. | F87: =LEN(E87) -> 61 | G87: L1
A88: drin | B88: Drunk drivers pose a serious risk to other road users. | C88: To reduce traffic accidents, a zero tolerance law is passed: "Driving with any trace of alcohol is strictly forbidden". | D88: off | E88: A sober man re-parks his car in the cul-de-sac to let a guest out. | F88: =LEN(E88) -> 66 | G88: L1
A89: drin | B89: Drunk drivers pose a serious risk to other road users. | C89: To reduce traffic accidents, a zero tolerance law is passed: "Driving with any trace of alcohol is strictly forbidden". | D89: core | E89: A young man drives home after drinking heavily at a music festival. | F89: =LEN(E89) -> 68 | G89: L1c
A90: drin | B90: Drunk drivers pose a serious risk to other road users. | C90: To reduce traffic accidents, a zero tolerance law is passed: "Driving with any trace of alcohol is strictly forbidden". | D90: core | E90: One night two drunk motorbikers race each other on a dark backroad. | F90: =LEN(E90) -> 67
A91: drin | B91: Drunk drivers pose a serious risk to other road users. | C91: To reduce traffic accidents, a zero tolerance law is passed: "Driving with any trace of alcohol is strictly forbidden". | D91: core | E91: A woman drives home after drinking whiskey at the movie theater. | F91: =LEN(E91) -> 64
A92: drin | B92: Drunk drivers pose a serious risk to other road users. | C92: To reduce traffic accidents, a zero tolerance law is passed: "Driving with any trace of alcohol is strictly forbidden". | D92: over | E92: A neighbor sips on wine and re-parks his car in the cul-de-sac. | F92: =LEN(E92) -> 63 | G92: L1c
A93: drin | B93: Drunk drivers pose a serious risk to other road users. | C93: To reduce traffic accidents, a zero tolerance law is passed: "Driving with any trace of alcohol is strictly forbidden". | D93: over | E93: A person drives to work after using alcohol-based mouthwash. | F93: =LEN(E93) -> 60
A94: drin | B94: Drunk drivers pose a serious risk to other road users. | C94: To reduce traffic accidents, a zero tolerance law is passed: "Driving with any trace of alcohol is strictly forbidden". | D94: over | E94: A drunk man drives his wife to the hospital as she goes into labor. | F94: =LEN(E94) -> 67
A95: drin | B95: Drunk drivers pose a serious risk to other road users. | C95: To reduce traffic accidents, a zero tolerance law is passed: "Driving with any trace of alcohol is strictly forbidden". | D95: under | E95: A young man rides his motorcycle home after smoking marihuana. | F95: =LEN(E95) -> 62 | G95: L1
A96: drin | B96: Drunk drivers pose a serious risk to other road users. | C96: To reduce traffic accidents, a zero tolerance law is passed: "Driving with any trace of alcohol is strictly forbidden". | D96: under | E96: One stormy night two sober motorbikers race each other on a dark backroad. | F96: =LEN(E96) -> 74 | G96: L1
A97: drin | B97: Drunk drivers pose a serious risk to other road users. | C97: To reduce traffic accidents, a zero tolerance law is passed: "Driving with any trace of alcohol is strictly forbidden". | D97: under | E97: A woman drives home after taking ecstasy at a music festival. | F97: =LEN(E97) -> 62 | G97: L1

Sheet Tabellenblatt1
A1: scen | B1: Type | C1: Item | D1: mean(resp, na.rm = TRUE) | E1: median(as.double(Timing), na.rm = TRUE)
A2: Access | B2: core | C2: A member of the public enters the laboratory to see great scientists at work. | D2: 818181818 | E2: 1738
A3: Access | B3: core | C3: A thief enters the laboratory to find valuable scientific equipment to steal. | D3: 909090909 | E3: 1597
A4: Access | B4: core | C4: A tourist enters the laboratory to get a glimpse of great scientists at work. | D4: 823529412 | E4: 1401
A5: Access | B5: off | C5: A member of the public walks past the laboratory on her way to the park. | D5: 1875 | E5: 1422622
A6: Access | B6: off | C6: A scientist working at the laboratory gets started on her latest experiment. | D6: 153846154 | E6: 1191
A7: Access | B7: off | C7: A tourist walks past the laboratory on his way to the new science museum. | D7: 166666667 | E7: 1298
A8: Access | B8: over | C8: A recently retired scientist at the laboratory returns to collect his briefcase. | D8: 625 | E8: 1484
A9: Access | B9: over | C9: A recently retired scientist at the laboratory returns to offer some advice. | D9: 352941176 | E9: 1768
A10: Access | B10: over | C10: A scientist at a similar institution enters the lab to ask about a job vacancy. | D10: 222222222 | E10: 1618
A11: Access | B11: under | C11: A scientist at the laboratory spends the night sleeping on fragile equipment | D11: 0.4 | E11: 1663
A12: Access | B12: under | C12: A scientist at the laboratory stays on after work and gets very drunk there. | D12: 230769231 | E12: 1535
A13: Access | B13: under | C13: A scientist at the laboratory stays on after work and takes hard drugs there. | D13: 583333333 | E13: 1156026
A14: Cars | B14: core | C14: A person test-drives their new car through the park at noon. | D14: 1 | E14: 1113
A15: Cars | B15: core | C15: A red party limo drives through the park at the DJs request. | D15: 1 | E15: 1043
A16: Cars | B16: core | C16: A taxi driver takes a shortcut through the park to save time. | D16: 916666667 | E16: 597173
A17: Cars | B17: off | C17: A couple bring their new baby through the park in a sling. | D17: 0 | E17: 1569
A18: Cars | B18: off | C18: A landscaper pushes a grey wheelbarrow through the park. | D18: 176470588 | E18: 1269
A19: Cars | B19: off | C19: A person jogs through the park to get some daily exercise. | D19: 0 | E19: 1518
A20: Cars | B20: over | C20: A man drives a tow-truck slowly into the park to remove a car. | D20: 333333333 | E20: 677558
A21: Cars | B21: over | C21: A man parks a landscaper truck in the park to remove a tree. | D21: 375 | E21: 1426274
A22: Cars | B22: over | C22: An artist installs a race car in the park to honour local heroes. | D22: 384615385 | E22: 1351
A23: Cars | B23: under | C23: A group of friends cycle through the park on a beer bike. | D23: 117647059 | E23: 1.94
A24: Cars | B24: under | C24: A motorcycle courier takes a shortcut through the park. | D24: 454545455 | E24: 1803
A25: Cars | B25: under | C25: A person test-drives their new electric scooter in the park. | D25: 90909091 | E25: 1204
A26: Dogs | B26: core | C26: A couple bring their pet foxhound into the restaurant for dinner. | D26: 9375 | E26: 1267
A27: Dogs | B27: core | C27: A customer brings her pet bulldog into the restaurant for lunch. | D27: 923076923 | E27: 1248
A28: Dogs | B28: core | C28: A customer walks into the restaurant with his pet greyhound. | D28: 1 | E28: 8675
A29: Dogs | B29: off | C29: A couple have breakfast together at the restaurant before work. | D29: 83333333 | E29: 2423386
A30: Dogs | B30: off | C30: A customer uses the restaurant WC while waiting for her food. | D30: 0 | E30: 1349
A31: Dogs | B31: off | C31: Three colleagues have a meeting over dinner at the restaurant. | D31: 0 | E31: 1926
A32: Dogs | B32: over | C32: A blind person brings his trained guide dog into the restaurant. | D32: 0 | E32: 1662
A33: Dogs | B33: over | C33: A man carries an injured dog into the restaurant to call for help. | D33: 411764706 | E33: 1846
A34: Dogs | B34: over | C34: A woman brings her trained therapy labrador into the restaurant. | D34: 636363636 | E34: 1639
A35: Dogs | B35: under | C35: A customer brings his new pet fox into the restaurant for lunch. | D35: 4375 | E35: 1488
... A42: Phone | B42: off | C42: A student consults the textbook to answer the teachers question in class. | D42: 0 | E42: 1516
A43: Phone | B43: off | C43: A student takes thorough notes to help her understand her teachers lesson. | D43: 625 | E43: 2.1575
A44: Phone | B44: over | C44: A diabetic student responds to an alert on her phone to take an insulin shot. | D44: 4375 | E44: 1324006
A45: Phone | B45: over | C45: A student uses her phone as a paperweight to keep her papers together. | D45: 705882353 | E45: 1394
A46: Phone | B46: over | C46: A student uses his phones calculator function for the in-class assignment. | D46: 777777778 | E46: 1.61
A47: Phone | B47: under | C47: A student is instant-messaging on his laptop instead of listening in class. | D47: 0.5 | E47: 2608
A48: Phone | B48: under | C48: A student reads news on her tablet while pretending to follow the lesson. | D48: 0.8 | E48: 1359
A49: Phone | B49: under | C49: A student uses his tablet to play games instead of paying attention in class. | D49: 153846154 | E49: 1501
A50: Shoes | B50: core | C50: A guest wears muddy sneakers and dirties the carpets. | D50: 1 | E50: 829
A51: Shoes | B51: core | C51: A guest wears stilettos and the carpets get pretty dirty. | D51: 923076923 | E51: 1498
A52: Shoes | B52: core | C52: A guest wears wet deck shoes and dirties the floors. | D52: 1 | E52: 1095
A53: Shoes | B53: off | C53: A guest walks around barefoot and keeps the carpet clean. | D53: 0 | E53: 1817
A54: Shoes | B54: off | C54: A guest walks around barefoot and the floor stays clean. | D54: 0.08 | E54: 1391
A55: Shoes | B55: off | C55: A guest walks around in socks and keeps the floor clean. | D55: 83333333 | E55: 1765949
A56: Shoes | B56: over | C56: A guest wears brand new shoes and keeps the floor clean. | D56: 818181818 | E56: 1183
A57: Shoes | B57: over | C57: A guest wears clean stilettos and keeps the carpet clean. | D57: 727272727 | E57: 1436
A58: Shoes | B58: over | C58: A guest wears new sneakers and the floor stays clean. | D58: 882352941 | E58: 1201
A59: Shoes | B59: under | C59: A barefoot guest has a bleeding toe and stains the carpets. | D59: 117647059 | E59: 1482
A60: Shoes | B60: under | C60: A guest walks around barefoot and dirties the carpets. | D60: 111111111 | E60: 1.22
A61: Shoes | B61: under | C61: A guest walks in with muddy socks and dirties the carpet. | D61: 3125 | E61: 1371488
A62: Shoot | B62: core | C62: A hunter, armed with a high powered rifle, fires on the first deer he sees. | D62: 941176471 | E62: 1372
A63: Shoot | B63: core | C63: A man heads deep into the local forest and shoots the first deer he sees. | D63: 1 | E63: 1641
A64: Shoot | B64: core | C64: A woman enters a local wildlife reserve with a rifle and shoots two deer. | D64: 1 | E64: 1.1375
A65: Shoot | B65: off | C65: A man goes to see deer in the zoo, carrying his new phone and a flask. | D65: 0 | E65: 1.39
A66: Shoot | B66: off | C66: A man goes walking in the woods, carrying his phone and a lunch box. | D66: 0 | E66: 1286
A67: Shoot | B67: off | C67: A woman goes hiking in the woods, carrying a flask and a lunch box. | D67: 181818182 | E67: 2757
A68: Shoot | B68: over | C68: A farmer finds a mortally injured deer and shoots it to end its suffering. | D68: 615384615 | E68: 2419
A69: Shoot | B69: over | C69: A hiker finds a mortally wounded deer and shoots it to end its suffering. | D69: 0.5 | E69: 1890132
A70: Shoot | B70: over | C70: A vet shoots a deer that carries a disease that endangers the whole herd. | D70: 0.4 | E70: 1392
A71: Shoot | B71: under | C71: A farmer places poison in his woodland to kill the deer that live there. | D71: 538461538 | E71: 1429
A72: Shoot | B72: under | C72: A man enters a wood and throws a spear at the first deer he sees there. | D72: 583333333 | E72: 1946
A73: Shoot | B73: under | C73: A man sneaks up on a lone baby deer and kills it with a hunting knife. | D73: 625 | E73: 1302092
A74: Sleep | B74: core | C74: A backpacker sleeps on a bench at the station from dusk until dawn. | D74: 875 | E74: 1148
A75: Sleep | B75: core | C75: A vagrant spends the night passed out drunk on a bench at the station. | D75: 764705882 | E75: 1405
A76: Sleep | B76: core | C76: A vagrant spends the night sleeping on one of the stations benches. | D76: 1 | E76: 1631
A77: Sleep | B77: off | C77: A backpacker looks for her lost phone on the furthest station platform. | D77: 117647059 | E77: 2337
A78: Sleep | B78: off | C78: A businesswoman enters the station and buys tickets for the next train. | D78: 90909091 | E78: 1549
A79: Sleep | B79: off | C79: A commuter alights from a train which has just arrived at the station. | D79: 90909091 | E79: 1901
A80: Sleep | B80: over | C80: A businessman briefly dozes on a bench waiting for his delayed train. | D80: 692307692 | E80: 1606
A81: Sleep | B81: over | C81: A commuter briefly falls asleep on a bench waiting for a delayed train. | D81: 0.5 | E81: 2.1175
A82: Sleep | B82: over | C82: A shift worker briefly dozes on a bench waiting for her delayed train. | D82: 0.48 | E82: 1046
A83: Sleep | B83: under | C83: A backpacker spends the night sleeping behind a bench at the station. | D83: 0.5 | E83: 158882
A84: Sleep | B84: under | C84: A vagrant sleeps on the floor at the station from dusk until daybreak. | D84: 0.25 | E84: 1243684
A85: Sleep | B85: under | C85: A vagrant spends the night on a bench at the station but does not sleep. | D85: 307692308 | E85: 1582
A86: Touch | B86: core | C86: Jane Smith goes to the local hotel spa and gets a head and foot massage. | D86: 916666667 | E86: 107749
A87: Touch | B87: core | C87: Jeffrey Smith takes part in wrestling practice after school with his team. | D87: 0.92 | E87: 1153
A88: Touch | B88: core | C88: John Smith travels to his friends place across town, where they have sex. | D88: 1 | E88: 1447
A89: Touch | B89: off | C89: Mary Smith made dinner for the family before turning on the television. | D89: 0 | E89: 827277
A90: Touch | B90: off | C90: Sara Smith went for a walk in the park and saw some children playing. | D90: 0 | E90: 1721
A91: Touch | B91: off | C91: Wayne Smith went for a drive up the mountains to relieve his boredom. | D91: 176470588 | E91: 2058
A92: Touch | B92: over | C92: Outside, Jake Smith catches a little vaccinated girl who falls from a tree. | D92: 615384615 | E92: 1821
A93: Touch | B93: over | C93: Outside, James Smith carries a vaccinated man having a stroke to a clinic. | D93: 0.5 | E93: 1624
A94: Touch | B94: over | C94: Outside, Jo Smith gives first aid to a vaccinated man having a heart attack. | D94: 625 | E94: 2003
A95: Touch | B95: under | C95: Jeff Smith invites his teammates home for a beer and hugs each of them. | D95: 1 | E95: 1173
A96: Touch | B96: under | C96: Jessica Smith invites friends home for tea and gives each of them a hug. | D96: 818181818 | E96: 1.72
A97: Touch | B97: under | C97: Peter Smith invites a stranger into the family home, where they have sex. | D97: 818181818 | E97: 1413

Sheet varying proportions
A1: scen | B1: rule | C1: condition | D1: question | E1: character count
A2: auth | B2: To avoid accidents, the director of a scientific laboratory issued a rule: "Access for Laboratory Personnel Only". | C2: core | D2: A thief enters the laboratory overnight to find and steal equipment. | E2: =LEN(D2) -> 68
A3: auth | B3: To avoid accidents, the director of a scientific laboratory issued a rule: "Access for Laboratory Personnel Only". | C3: core | D3: A friendly neighbor enters the laboratory to greet the scientists. | E3: =LEN(D3) -> 66
A4: auth | B4: To avoid accidents, the director of a scientific laboratory issued a rule: "Access for Laboratory Personnel Only". | C4: core | D4: A student enters the laboratory to observe the scientists' work. | E4: =LEN(D4) -> 64
A5: auth | B5: To avoid accidents, the director of a scientific laboratory issued a rule: "Access for Laboratory Personnel Only". | C5: core | D5: An amateur scientist enters the laboratory to take photographs. | E5: =LEN(D5) -> 63
A6: auth | B6: To avoid accidents, the director of a scientific laboratory issued a rule: "Access for Laboratory Personnel Only". | C6: core | D6: A group of solicitors enter the laboratory to discuss religion. | E6: =LEN(D6) -> 63
A7: auth | B7: To avoid accidents, the director of a scientific laboratory issued a rule: "Access for Laboratory Personnel Only". | C7: off | D7: A member of the public walks past the laboratory while going home. | E7: =LEN(D7) -> 66
A8: auth | B8: To avoid accidents, the director of a scientific laboratory issued a rule: "Access for Laboratory Personnel Only". | C8: off | D8: A tourist walks past the laboratory on his way to the wax museum. | E8: =LEN(D8) -> 65
A9: auth | B9: To avoid accidents, the director of a scientific laboratory issued a rule: "Access for Laboratory Personnel Only". | C9: off | D9: A curious neighbor photographs the lab building from the outside. | E9: =LEN(D9) -> 65
A10: auth | B10: To avoid accidents, the director of a scientific laboratory issued a rule: "Access for Laboratory Personnel Only". | C10: off | D10: A scientist working at the laboratory starts a new experiment. | E10: =LEN(D10) -> 62
A11: auth | B11: To avoid accidents, the director of a scientific laboratory issued a rule: "Access for Laboratory Personnel Only". | C11: off | D11: A solicitor discusses religion across the street from the lab. | E11: =LEN(D11) -> 62
A12: auth | B12: To avoid accidents, the director of a scientific laboratory issued a rule: "Access for Laboratory Personnel Only". | C12: over | D12: A retired scientist visits the lab to offer advice to new hirees. | E12: =LEN(D12) -> 65
A13: auth | B13: To avoid accidents, the director of a scientific laboratory issued a rule: "Access for Laboratory Personnel Only". | C13: over | D13: A firefighter enters the lab to put out an impending fire. | E13: =LEN(D13) -> 58
... A161: slee | B161: To avoid people spending the night at the train station, the manager posted a rule: "No sleeping allowed on the benches". | C161: under | D161: A vagrant spends the night sleeping on the station floor. | E161: =LEN(D161) -> 57

Sheet Tabellenblatt4
C1: mean | D1: sd
B2: core | C2: =AVERAGE('varying proportions'!E2:E6,'varying proportions'!E22:E26,'varying proportions'!E42:E46,'varying proportions'!E62:E66,'varying proportions'!E82:E86,'varying proportions'!E102:E106,'varying proportions'!E122:E126,'varying proportions'!E142:E146) -> 61.125 | D2: =STDEV('varying proportions'!E2:E6,'varying proportions'!E22:E26,'varying proportions'!E42:E46,'varying proportions'!E62:E66,'varying proportions'!E82:E86,'varying proportions'!E102:E106,'varying proportions'!E122:E126,'varying proportions'!E142:E146) -> 4.5752259
B3: off | C3: =AVERAGE('varying proportions'!E7:E11,'varying proportions'!E27:E31,'varying proportions'!E47:E51,'varying proportions'!E67:E71,'varying proportions'!E87:E91,'varying proportions'!E107:E111,'varying proportions'!E127:E131,'varying proportions'!E147:E151) -> 61.2 | D3: =STDEV('varying proportions'!E7:E11,'varying proportions'!E27:E31,'varying proportions'!E47:E51,'varying proportions'!E67:E71,'varying proportions'!E87:E91,'varying proportions'!E107:E111,'varying proportions'!E127:E131,'varying proportions'!E147:E151) -> 3.3832165
B4: over | C4: =AVERAGE('varying proportions'!E12:E16,'varying proportions'!E32:E36,'varying proportions'!E52:E56,'varying proportions'!E72:E76,'varying proportions'!E92:E96,'varying proportions'!E112:E116,'varying proportions'!E132:E136,'varying proportions'!E152:E156) -> 61.425 | D4: =STDEV('varying proportions'!E12:E16,'varying proportions'!E32:E36,'varying proportions'!E52:E56,'varying proportions'!E72:E76,'varying proportions'!E92:E96,'varying proportions'!E112:E116,'varying proportions'!E132:E136,'varying proportions'!E152:E156) -> 3.7271526
B5: under | C5: =AVERAGE('varying proportions'!E17:E21,'varying proportions'!E37:E41,'varying proportions'!E57:E61,'varying proportions'!E77:E81,'varying proportions'!E97:E101,'varying proportions'!E117:E121,'varying proportions'!E137:E141,'varying proportions'!E157:E161) -> 61.225 | D5: =STDEV('varying proportions'!E17:E21,'varying proportions'!E37:E41,'varying proportions'!E57:E61,'varying proportions'!E77:E81,'varying proportions'!E97:E101,'varying proportions'!E117:E121,'varying proportions'!E137:E141,'varying proportions'!E157:E161) -> 4.2152805
